
  <rss version="2.0" xmlns:atom="http://www.w3.org/2005/Atom">
    <channel>
      <title>Next.js Starter Blog</title>
      <link>https://tailwind-nextjs-starter-blog.vercel.app/blog</link>
      <description>A blog created with Next.js and Tailwind.css</description>
      <language>en-us</language>
      <managingEditor>address@yoursite.com (Tails Azimuth)</managingEditor>
      <webMaster>address@yoursite.com (Tails Azimuth)</webMaster>
      <lastBuildDate>Sun, 02 May 2021 00:00:00 GMT</lastBuildDate>
      <atom:link href="https://tailwind-nextjs-starter-blog.vercel.app/tags/multi-author/feed.xml" rel="self" type="application/rss+xml"/>
      
  <item>
    <guid>https://tailwind-nextjs-starter-blog.vercel.app/blog/nested-route/introducing-multi-part-posts-with-nested-routing</guid>
    <title>Introducing Multi-part Posts with Nested Routing</title>
    <link>https://tailwind-nextjs-starter-blog.vercel.app/blog/nested-route/introducing-multi-part-posts-with-nested-routing</link>
    <description>The blog template supports posts in nested sub-folders. This can be used to group posts of similar content e.g. a multi-part course. This post is itself an example of a nested route!</description>
    <pubDate>Sun, 02 May 2021 00:00:00 GMT</pubDate>
    <author>address@yoursite.com (Tails Azimuth)</author>
    <category>multi-author</category><category>next-js</category><category>feature</category>
  </item>

    </channel>
  </rss>
