
  <rss version="2.0" xmlns:atom="http://www.w3.org/2005/Atom">
    <channel>
      <title>Next.js Starter Blog</title>
      <link>https://tailwind-nextjs-starter-blog.vercel.app/blog</link>
      <description>A blog created with Next.js and Tailwind.css</description>
      <language>en-us</language>
      <managingEditor>address@yoursite.com (Tails Azimuth)</managingEditor>
      <webMaster>address@yoursite.com (Tails Azimuth)</webMaster>
      <lastBuildDate>Fri, 11 Oct 2019 00:00:00 GMT</lastBuildDate>
      <atom:link href="https://tailwind-nextjs-starter-blog.vercel.app/tags/github/feed.xml" rel="self" type="application/rss+xml"/>
      
  <item>
    <guid>https://tailwind-nextjs-starter-blog.vercel.app/blog/github-markdown-guide</guid>
    <title>Markdown Guide</title>
    <link>https://tailwind-nextjs-starter-blog.vercel.app/blog/github-markdown-guide</link>
    <description>Markdown cheatsheet for all your blogging needs - headers, lists, images, tables and more! An illustrated guide based on GitHub Flavored Markdown.</description>
    <pubDate>Fri, 11 Oct 2019 00:00:00 GMT</pubDate>
    <author>address@yoursite.com (Tails Azimuth)</author>
    <category>github</category><category>guide</category>
  </item>

    </channel>
  </rss>
