
  <rss version="2.0" xmlns:atom="http://www.w3.org/2005/Atom">
    <channel>
      <title>Next.js Starter Blog</title>
      <link>https://tailwind-nextjs-starter-blog.vercel.app/blog</link>
      <description>A blog created with Next.js and Tailwind.css</description>
      <language>en-us</language>
      <managingEditor>address@yoursite.com (Tails Azimuth)</managingEditor>
      <webMaster>address@yoursite.com (Tails Azimuth)</webMaster>
      <lastBuildDate>Tue, 08 Mar 2016 00:00:00 GMT</lastBuildDate>
      <atom:link href="https://tailwind-nextjs-starter-blog.vercel.app/tags/features/feed.xml" rel="self" type="application/rss+xml"/>
      
  <item>
    <guid>https://tailwind-nextjs-starter-blog.vercel.app/blog/code-sample</guid>
    <title>Sample .md file</title>
    <link>https://tailwind-nextjs-starter-blog.vercel.app/blog/code-sample</link>
    <description>Example of a markdown file with code blocks and syntax highlighting</description>
    <pubDate>Tue, 08 Mar 2016 00:00:00 GMT</pubDate>
    <author>address@yoursite.com (Tails Azimuth)</author>
    <category>markdown</category><category>code</category><category>features</category>
  </item>

    </channel>
  </rss>
