
  <rss version="2.0" xmlns:atom="http://www.w3.org/2005/Atom">
    <channel>
      <title>Next.js Starter Blog</title>
      <link>https://tailwind-nextjs-starter-blog.vercel.app/blog</link>
      <description>A blog created with Next.js and Tailwind.css</description>
      <language>en-us</language>
      <managingEditor>address@yoursite.com (Tails Azimuth)</managingEditor>
      <webMaster>address@yoursite.com (Tails Azimuth)</webMaster>
      <lastBuildDate>Mon, 21 Dec 2020 00:00:00 GMT</lastBuildDate>
      <atom:link href="https://tailwind-nextjs-starter-blog.vercel.app/tags/math/feed.xml" rel="self" type="application/rss+xml"/>
      
  <item>
    <guid>https://tailwind-nextjs-starter-blog.vercel.app/blog/deriving-ols-estimator</guid>
    <title>Deriving the OLS Estimator</title>
    <link>https://tailwind-nextjs-starter-blog.vercel.app/blog/deriving-ols-estimator</link>
    <description>How to derive the OLS Estimator with matrix notation and a tour of math typesetting using markdown with the help of KaTeX.</description>
    <pubDate>Mon, 21 Dec 2020 00:00:00 GMT</pubDate>
    <author>address@yoursite.com (Tails Azimuth)</author>
    <category>next js</category><category>math</category><category>ols</category>
  </item>

    </channel>
  </rss>
